Workbook

Sheet SMVM_Mensual
A1: Salario Mínimo, Vital y Móvil (SMVM) – Argentina, enero 2021 a septiembre 2026
A2: Valores en pesos corrientes, jornada completa. Celdas en azul = datos cargados desde la fuente; en negro = fórmulas. Meses sin aumento repiten el valor vigente.
A4: Fecha | B4: Año | C4: Mes | D4: SMVM mensual ($) | E4: Variación mensual | F4: Variación acumulada vs. ene-2021 | G4: Norma vigente
A5: 44197 | B5: =YEAR(A5) -> 2021 | C5: ene | D5: 20587 | E5: n/d | F5: =D5/$D$5-1 -> 0 | G5: Res. 4/2020 CNEPySMVyM
A6: 44228 | B6: =YEAR(A6) -> 2021 | C6: feb | D6: 20587 | E6: =D6/D5-1 -> 0 | F6: =D6/$D$5-1 -> 0 | G6: Res. 4/2020 CNEPySMVyM
A7: 44256 | B7: =YEAR(A7) -> 2021 | C7: mar | D7: 21600 | E7: =D7/D6-1 -> 0.049205809 | F7: =D7/$D$5-1 -> 0.049205809 | G7: Res. 4/2020 CNEPySMVyM
A8: 44287 | B8: =YEAR(A8) -> 2021 | C8: abr | D8: 23544 | E8: =D8/D7-1 -> 0.09 | F8: =D8/$D$5-1 -> 0.14363433 | G8: Res. 5/2021 CNEPySMVyM
A9: 44317 | B9: =YEAR(A9) -> 2021 | C9: may | D9: 24408 | E9: =D9/D8-1 -> 0.036697248 | F9: =D9/$D$5-1 -> 0.18560256 | G9: Res. 5/2021 CNEPySMVyM
A10: 44348 | B10: =YEAR(A10) -> 2021 | C10: jun | D10: 25272 | E10: =D10/D9-1 -> 0.03539823 | F10: =D10/$D$5-1 -> 0.2275708 | G10: Res. 5/2021 CNEPySMVyM
A11: 44378 | B11: =YEAR(A11) -> 2021 | C11: jul | D11: 27216 | E11: =D11/D10-1 -> 0.076923077 | F11: =D11/$D$5-1 -> 0.32199932 | G11: Res. 6/2021 CNEPySMVyM
A12: 44409 | B12: =YEAR(A12) -> 2021 | C12: ago | D12: 28080 | E12: =D12/D11-1 -> 0.031746032 | F12: =D12/$D$5-1 -> 0.36396755 | G12: Res. 6/2021 CNEPySMVyM
A13: 44440 | B13: =YEAR(A13) -> 2021 | C13: sep | D13: 31104 | E13: =D13/D12-1 -> 0.10769231 | F13: =D13/$D$5-1 -> 0.51085637 | G13: Res. 11/2021 CNEPySMVyM
A14: 44470 | B14: =YEAR(A14) -> 2021 | C14: oct | D14: 32000 | E14: =D14/D13-1 -> 0.028806584 | F14: =D14/$D$5-1 -> 0.55437898 | G14: Res. 11/2021 CNEPySMVyM
A15: 44501 | B15: =YEAR(A15) -> 2021 | C15: nov | D15: 32000 | E15: =D15/D14-1 -> 0 | F15: =D15/$D$5-1 -> 0.55437898 | G15: Res. 11/2021 CNEPySMVyM
A16: 44531 | B16: =YEAR(A16) -> 2021 | C16: dic | D16: 32000 | E16: =D16/D15-1 -> 0 | F16: =D16/$D$5-1 -> 0.55437898 | G16: Res. 11/2021 CNEPySMVyM
A17: 44562 | B17: =YEAR(A17) -> 2022 | C17: ene | D17: 32000 | E17: =D17/D16-1 -> 0 | F17: =D17/$D$5-1 -> 0.55437898 | G17: Res. 11/2021 CNEPySMVyM
... A73: 46266 | B73: =YEAR(A73) -> 2026 | C73: sep | D73: 383800 | E73: =D73/D72-1 -> 0.019118428 | F73: =D73/$D$5-1 -> 17.642833 | G73: Res. 4/2026 CNEPySMVyM (Boletín Oficial, 02/09/2026)
A75: Fuente de datos: Estudio Contable del Amo (evolución SMVM, actualizada al 10/09/2026), que replica las resoluciones del Consejo del Salario / Boletín Oficial. Ver hoja 'Fuentes y notas'.

Sheet Resumen_Anual
A1: Resumen anual del SMVM
A3: Año | B3: SMVM diciembre ($) | C3: SMVM promedio del año ($) | D3: Variación dic/dic | E3: Meses con dato
A4: 2021 | B4: =INDEX(SMVM_Mensual!$D$5:$D$73,MATCH(DATE(2021,12,1),SMVM_Mensual!$A$5:$A$73,0)) -> 32000 | C4: =AVERAGEIFS(SMVM_Mensual!$D$5:$D$73,SMVM_Mensual!$B$5:$B$73,A4) -> 26533.167 | D4: n/d | E4: =COUNTIFS(SMVM_Mensual!$B$5:$B$73,A4) -> 12
A5: 2022 | B5: =INDEX(SMVM_Mensual!$D$5:$D$73,MATCH(DATE(2022,12,1),SMVM_Mensual!$A$5:$A$73,0)) -> 61953 | C5: =AVERAGEIFS(SMVM_Mensual!$D$5:$D$73,SMVM_Mensual!$B$5:$B$73,A5) -> 44291.917 | D5: =B5/B4-1 -> 0.93603125 | E5: =COUNTIFS(SMVM_Mensual!$B$5:$B$73,A5) -> 12
A6: 2023 | B6: =INDEX(SMVM_Mensual!$D$5:$D$73,MATCH(DATE(2023,12,1),SMVM_Mensual!$A$5:$A$73,0)) -> 156000 | C6: =AVERAGEIFS(SMVM_Mensual!$D$5:$D$73,SMVM_Mensual!$B$5:$B$73,A6) -> 102125.92 | D6: =B6/B5-1 -> 1.5180379 | E6: =COUNTIFS(SMVM_Mensual!$B$5:$B$73,A6) -> 12
A7: 2024 | B7: =INDEX(SMVM_Mensual!$D$5:$D$73,MATCH(DATE(2024,12,1),SMVM_Mensual!$A$5:$A$73,0)) -> 279718 | C7: =AVERAGEIFS(SMVM_Mensual!$D$5:$D$73,SMVM_Mensual!$B$5:$B$73,A7) -> 236338.65 | D7: =B7/B6-1 -> 0.7930641 | E7: =COUNTIFS(SMVM_Mensual!$B$5:$B$73,A7) -> 12
A8: 2025 | B8: =INDEX(SMVM_Mensual!$D$5:$D$73,MATCH(DATE(2025,12,1),SMVM_Mensual!$A$5:$A$73,0)) -> 334800 | C8: =AVERAGEIFS(SMVM_Mensual!$D$5:$D$73,SMVM_Mensual!$B$5:$B$73,A8) -> 312265.75 | D8: =B8/B7-1 -> 0.19691975 | E8: =COUNTIFS(SMVM_Mensual!$B$5:$B$73,A8) -> 12
A9: 2026 | B9: =INDEX(SMVM_Mensual!$D$5:$D$73,MATCH(DATE(2026,9,1),SMVM_Mensual!$A$5:$A$73,0)) -> 383800 | C9: =AVERAGEIFS(SMVM_Mensual!$D$5:$D$73,SMVM_Mensual!$B$5:$B$73,A9) -> 362400 | D9: =B9/B8-1 -> 0.14635603 | E9: =COUNTIFS(SMVM_Mensual!$B$5:$B$73,A9) -> 9
A11: Nota: para 2026 el 'valor de cierre' es septiembre (último dato disponible), por lo que la variación 2026 es sep-2026 vs. dic-2025 (9 meses).

Sheet Fuentes y notas
A1: Fuentes y notas
A3: FUENTES
A4: 1) Estudio Contable del Amo – Evolución del Salario Mínimo, Vital y Móvil: https://estudiodelamo.com/evolucion-salario-minimo-vital-movil-argentina/ (consultado 27/09/2026; página modificada 10/09/2026).
A5: 2) Consejo Nacional del Empleo, la Productividad y el Salario Mínimo, Vital y Móvil (Argentina.gob.ar): https://www.argentina.gob.ar/trabajo/consejodelsalario
A6: 3) Boletín Oficial de la República Argentina – resoluciones del Consejo del Salario (citadas en la columna 'Norma vigente').
A7: 4) Res. 4/2026 (sep-2026): https://www.infobae.com/economia/2026/09/02/de-cuanto-es-el-salario-minimo-vital-y-movil-en-septiembre-2026/ y https://chequeado.com/el-explicador/el-salario-minimo-sera-de-383-800-en-septiembre-de-2026-y-acumula-una-caida-real-del-397-desde-noviembre-de-2023/
A8: 5) Res. 17/2024 (26/12/2024): Diario de Cuyo, https://www.diariodecuyo.com.ar/argentina/se-definio-el-salario-minimo-y-las-subas-para-los-primeros-meses-del-2025-conoce-los-nuevos-montos-1692539.html
A10: NOTAS METODOLÓGICAS
A11: • Cuando no hubo aumento en un mes, se repite el último valor vigente. Ene-feb 2021 repiten el valor de dic-2020 ($20.587); ene-2022 repite el de oct-2021; ene-2024 repite el de dic-2023.
A12: • El valor de septiembre 2026 ($383.800; $1.919 por hora) fue fijado por la Res. 4/2026 del Consejo del Salario, publicada en el Boletín Oficial el 02/09/2026 tras no haber acuerdo en la reunión del 28/08/2026 (verificado en Infobae, Chequeado y Diario Norte).
A13: • Los valores son nominales (pesos corrientes). El análisis en términos reales se hace en el Excel 2 (SMVM_Real).
A14: • Verificar siempre contra el Boletín Oficial antes de citar una cifra en el trabajo final.
