Workbook

Sheet IPC_Mensual
A1: Inflación mensual (IPC Nacional, INDEC) – Argentina, enero 2021 a agosto 2026
A2: Celdas en azul = variación mensual cargada desde la fuente; en negro = fórmulas. Índice base: dic-2020 = 100.
A4: Fecha | B4: Año | C4: Mes | D4: IPC variación mensual | E4: Índice acumulado (dic-2020=100) | F4: Variación acumulada vs. dic-2020 | G4: Variación interanual
A5: dic-2020 | E5: 100
A6: 44197 | B6: =YEAR(A6) -> 2021 | C6: ene | D6: 0.0404 | E6: =E5*(1+D6) -> 104.04 | F6: =E6/$E$5-1 -> 0.0404 | G6: n/d
A7: 44228 | B7: =YEAR(A7) -> 2021 | C7: feb | D7: 0.0357 | E7: =E6*(1+D7) -> 107.75423 | F7: =E7/$E$5-1 -> 0.07754228 | G7: n/d
A8: 44256 | B8: =YEAR(A8) -> 2021 | C8: mar | D8: 0.0481 | E8: =E7*(1+D8) -> 112.93721 | F8: =E8/$E$5-1 -> 0.12937206 | G8: n/d
A9: 44287 | B9: =YEAR(A9) -> 2021 | C9: abr | D9: 0.0408 | E9: =E8*(1+D9) -> 117.54504 | F9: =E9/$E$5-1 -> 0.17545044 | G9: n/d
A10: 44317 | B10: =YEAR(A10) -> 2021 | C10: may | D10: 0.0332 | E10: =E9*(1+D10) -> 121.44754 | F10: =E10/$E$5-1 -> 0.2144754 | G10: n/d
A11: 44348 | B11: =YEAR(A11) -> 2021 | C11: jun | D11: 0.0317 | E11: =E10*(1+D11) -> 125.29743 | F11: =E11/$E$5-1 -> 0.25297427 | G11: n/d
A12: 44378 | B12: =YEAR(A12) -> 2021 | C12: jul | D12: 0.03 | E12: =E11*(1+D12) -> 129.05635 | F12: =E12/$E$5-1 -> 0.2905635 | G12: n/d
A13: 44409 | B13: =YEAR(A13) -> 2021 | C13: ago | D13: 0.0247 | E13: =E12*(1+D13) -> 132.24404 | F13: =E13/$E$5-1 -> 0.32244042 | G13: n/d
A14: 44440 | B14: =YEAR(A14) -> 2021 | C14: sep | D14: 0.0355 | E14: =E13*(1+D14) -> 136.9387 | F14: =E14/$E$5-1 -> 0.36938705 | G14: n/d
A15: 44470 | B15: =YEAR(A15) -> 2021 | C15: oct | D15: 0.0352 | E15: =E14*(1+D15) -> 141.75895 | F15: =E15/$E$5-1 -> 0.41758947 | G15: n/d
A16: 44501 | B16: =YEAR(A16) -> 2021 | C16: nov | D16: 0.0253 | E16: =E15*(1+D16) -> 145.34545 | F16: =E16/$E$5-1 -> 0.45345449 | G16: n/d
A17: 44531 | B17: =YEAR(A17) -> 2021 | C17: dic | D17: 0.0384 | E17: =E16*(1+D17) -> 150.92671 | F17: =E17/$E$5-1 -> 0.50926714 | G17: =E17/E5-1 -> 0.50926714
A18: 44562 | B18: =YEAR(A18) -> 2022 | C18: ene | D18: 0.0388 | E18: =E17*(1+D18) -> 156.78267 | F18: =E18/$E$5-1 -> 0.56782671 | G18: =E18/E6-1 -> 0.50694608
A19: 44593 | B19: =YEAR(A19) -> 2022 | C19: feb | D19: 0.0469 | E19: =E18*(1+D19) -> 164.13578 | F19: =E19/$E$5-1 -> 0.64135778 | G19: =E19/E7-1 -> 0.52324211
A20: 44621 | B20: =YEAR(A20) -> 2022 | C20: mar | D20: 0.0673 | E20: =E19*(1+D20) -> 175.18212 | F20: =E20/$E$5-1 -> 0.75182116 | G20: =E20/E8-1 -> 0.55114617
A21: 44652 | B21: =YEAR(A21) -> 2022 | C21: abr | D21: 0.0605 | E21: =E20*(1+D21) -> 185.78063 | F21: =E21/$E$5-1 -> 0.85780634 | G21: =E21/E9-1 -> 0.58050588
A22: 44682 | B22: =YEAR(A22) -> 2022 | C22: may | D22: 0.0505 | E22: =E21*(1+D22) -> 195.16256 | F22: =E22/$E$5-1 -> 0.95162556 | G22: =E22/E10-1 -> 0.60697002
A23: 44713 | B23: =YEAR(A23) -> 2022 | C23: jun | D23: 0.053 | E23: =E22*(1+D23) -> 205.50617 | F23: =E23/$E$5-1 -> 1.0550617 | G23: =E23/E11-1 -> 0.64014678
A24: 44743 | B24: =YEAR(A24) -> 2022 | C24: jul | D24: 0.0741 | E24: =E23*(1+D24) -> 220.73418 | F24: =E24/$E$5-1 -> 1.2073418 | G24: =E24/E12-1 -> 0.71037054
A25: 44774 | B25: =YEAR(A25) -> 2022 | C25: ago | D25: 0.0697 | E25: =E24*(1+D25) -> 236.11935 | F25: =E25/$E$5-1 -> 1.3611935 | G25: =E25/E13-1 -> 0.78548196
A26: 44805 | B26: =YEAR(A26) -> 2022 | C26: sep | D26: 0.0617 | E26: =E25*(1+D26) -> 250.68791 | F26: =E26/$E$5-1 -> 1.5068791 | G26: =E26/E14-1 -> 0.83065784
A27: 44835 | B27: =YEAR(A27) -> 2022 | C27: oct | D27: 0.0635 | E27: =E26*(1+D27) -> 266.6066 | F27: =E27/$E$5-1 -> 1.666066 | G27: =E27/E15-1 -> 0.88070384
A28: 44866 | B28: =YEAR(A28) -> 2022 | C28: nov | D28: 0.0492 | E28: =E27*(1+D28) -> 279.72364 | F28: =E28/$E$5-1 -> 1.7972364 | G28: =E28/E16-1 -> 0.92454352
... A73: 46235 | B73: =YEAR(A73) -> 2026 | C73: ago | D73: 0.0166 | E73: =E72*(1+D73) -> 3181.5585 | F73: =E73/$E$5-1 -> 30.815585 | G73: =E73/E61-1 -> 0.33542953
A75: Fuente: INDEC vía Estudio Contable del Amo (inflación al 10/09/2026) y FACPCE. La variación interanual de 2021 requiere dic-2020 en adelante: n/d hasta 12 meses de historia.

Sheet SMVM_Real
A1: SMVM en términos reales (deflactado por IPC) – ene-2021 a ago-2026
A2: Azul = SMVM copiado del Excel 1 (Excel1_SMVM_2021-2026.xlsx). Verde = vínculo a otra hoja. Negro = fórmulas.
A4: Fecha | B4: SMVM nominal ($) | C4: Índice IPC (dic-2020=100) | D4: SMVM real ($ de dic-2020) | E4: Índice SMVM real (ene-2021=100) | F4: Variación real vs. ene-2021
A5: 44197 | B5: 20587 | C5: =IPC_Mensual!E6 -> 104.04 | D5: =B5/(C5/100) -> 19787.582 | E5: =D5/$D$5*100 -> 100 | F5: =E5/100-1 -> 0
A6: 44228 | B6: 20587 | C6: =IPC_Mensual!E7 -> 107.75423 | D6: =B6/(C6/100) -> 19105.515 | E6: =D6/$D$5*100 -> 96.553056 | F6: =E6/100-1 -> -0.034469441
A7: 44256 | B7: 21600 | C7: =IPC_Mensual!E8 -> 112.93721 | D7: =B7/(C7/100) -> 19125.672 | E7: =D7/$D$5*100 -> 96.654925 | F7: =E7/100-1 -> -0.033450747
A8: 44287 | B8: 23544 | C8: =IPC_Mensual!E9 -> 117.54504 | D8: =B8/(C8/100) -> 20029.768 | E8: =D8/$D$5*100 -> 101.22393 | F8: =E8/100-1 -> 0.012239321
A9: 44317 | B9: 24408 | C9: =IPC_Mensual!E10 -> 121.44754 | D9: =B9/(C9/100) -> 20097.566 | E9: =D9/$D$5*100 -> 101.56656 | F9: =E9/100-1 -> 0.01566562
A10: 44348 | B10: 25272 | C10: =IPC_Mensual!E11 -> 125.29743 | D10: =B10/(C10/100) -> 20169.608 | E10: =D10/$D$5*100 -> 101.93064 | F10: =E10/100-1 -> 0.019306373
A11: 44378 | B11: 27216 | C11: =IPC_Mensual!E12 -> 129.05635 | D11: =B11/(C11/100) -> 21088.463 | E11: =D11/$D$5*100 -> 106.57423 | F11: =E11/100-1 -> 0.065742287
A12: 44409 | B12: 28080 | C12: =IPC_Mensual!E13 -> 132.24404 | D12: =B12/(C12/100) -> 21233.471 | E12: =D12/$D$5*100 -> 107.30705 | F12: =E12/100-1 -> 0.073070533
A13: 44440 | B13: 31104 | C13: =IPC_Mensual!E14 -> 136.9387 | D13: =B13/(C13/100) -> 22713.812 | E13: =D13/$D$5*100 -> 114.78822 | F13: =E13/100-1 -> 0.14788216
A14: 44470 | B14: 32000 | C14: =IPC_Mensual!E15 -> 141.75895 | D14: =B14/(C14/100) -> 22573.531 | E14: =D14/$D$5*100 -> 114.07928 | F14: =E14/100-1 -> 0.14079282
A15: 44501 | B15: 32000 | C15: =IPC_Mensual!E16 -> 145.34545 | D15: =B15/(C15/100) -> 22016.513 | E15: =D15/$D$5*100 -> 111.26429 | F15: =E15/100-1 -> 0.11264295
A16: 44531 | B16: 32000 | C16: =IPC_Mensual!E17 -> 150.92671 | D16: =B16/(C16/100) -> 21202.343 | E16: =D16/$D$5*100 -> 107.14974 | F16: =E16/100-1 -> 0.071497447
... A72: 46235 | B72: 376600 | C72: =IPC_Mensual!E73 -> 3181.5585 | D72: =B72/(C72/100) -> 11836.966 | E72: =D72/$D$5*100 -> 59.820175 | F72: =E72/100-1 -> -0.40179825

Sheet Resumen_Anual
A1: Resumen anual: inflación vs. SMVM
A3: Año | B3: Inflación anual (dic/dic) | C3: SMVM real promedio ($ dic-2020) | D3: Variación SMVM real prom. vs. año anterior
A4: 2021 | B4: =IPC_Mensual!E17/IPC_Mensual!E5-1 -> 0.50926714 | C4: =AVERAGEIFS(SMVM_Real!$D$5:$D$72,SMVM_Real!$A$5:$A$72,">="&DATE(A4,1,1),SMVM_Real!$A$5:$A$72,"<="&DATE(A4,12,1)) -> 20761.987 | D4: n/d
A5: 2022 | B5: =IPC_Mensual!E29/IPC_Mensual!E17-1 -> 0.94826671 | C5: =AVERAGEIFS(SMVM_Real!$D$5:$D$72,SMVM_Real!$A$5:$A$72,">="&DATE(A5,1,1),SMVM_Real!$A$5:$A$72,"<="&DATE(A5,12,1)) -> 20158.003 | D5: =C5/C4-1 -> -0.029090848
A6: 2023 | B6: =IPC_Mensual!E41/IPC_Mensual!E29-1 -> 2.1140196 | C6: =AVERAGEIFS(SMVM_Real!$D$5:$D$72,SMVM_Real!$A$5:$A$72,">="&DATE(A6,1,1),SMVM_Real!$A$5:$A$72,"<="&DATE(A6,12,1)) -> 20197.865 | D6: =C6/C5-1 -> 0.00197747
A7: 2024 | B7: =IPC_Mensual!E53/IPC_Mensual!E41-1 -> 1.1775512 | C7: =AVERAGEIFS(SMVM_Real!$D$5:$D$72,SMVM_Real!$A$5:$A$72,">="&DATE(A7,1,1),SMVM_Real!$A$5:$A$72,"<="&DATE(A7,12,1)) -> 14441.84 | D7: =C7/C6-1 -> -0.28498184
A8: 2025 | B8: =IPC_Mensual!E65/IPC_Mensual!E53-1 -> 0.31553315 | C8: =AVERAGEIFS(SMVM_Real!$D$5:$D$72,SMVM_Real!$A$5:$A$72,">="&DATE(A8,1,1),SMVM_Real!$A$5:$A$72,"<="&DATE(A8,12,1)) -> 13468.586 | D8: =C8/C7-1 -> -0.06739133
A9: 2026 | B9: =IPC_Mensual!E73/IPC_Mensual!E65-1 -> 0.21292478 | C9: =AVERAGEIFS(SMVM_Real!$D$5:$D$72,SMVM_Real!$A$5:$A$72,">="&DATE(A9,1,1),SMVM_Real!$A$5:$A$72,"<="&DATE(A9,12,1)) -> 12169.403 | D9: =C9/C8-1 -> -0.096460237
A11: Nota: 2026 = enero a agosto (inflación acumulada ene-ago 2026, promedio de 8 meses).

Sheet Fuentes y notas
A1: Fuentes y notas
A3: FUENTES
A4: 1) INDEC – Índice de Precios al Consumidor (IPC) Nacional, vía Estudio Contable del Amo: https://estudiodelamo.com/inflacion-argentina-anual-mensual/ (consultado 27/09/2026; página modificada 10/09/2026).
A5: 2) FACPCE – Índices: https://www.facpce.org.ar/indices-facpce/
A6: 3) SMVM: ver Excel 1 (Excel1_SMVM_2021-2026.xlsx) y su hoja 'Fuentes y notas'.
A8: NOTAS METODOLÓGICAS
A9: • El índice acumulado se construye encadenando las variaciones mensuales (base dic-2020 = 100). Las variaciones anuales calculadas coinciden con las publicadas por la fuente con diferencias de centésimas por redondeo.
A10: • SMVM real = SMVM nominal dividido el índice IPC (base dic-2020). Se expresa en pesos de dic-2020.
A11: • Las cifras de inflación de 2026 son las publicadas por la fuente hasta agosto 2026; septiembre 2026 aún no está disponible.
A12: • Verificar las cifras contra INDEC antes de citarlas en el trabajo final.
